<?xml version="1.0" encoding="UTF-8" ?>
<!DOCTYPE mapper
PUBLIC "-//mybatis.org//DTD Mapper 3.0//EN"
"http://mybatis.org/dtd/mybatis-3-mapper.dtd">
<mapper namespace="com.ruoyi.system.mapper.FormulaMapper">
    
    <resultMap type="Formula" id="FormulaResult">
        <result property="identity"    column="identity"    />
        <result property="retentiontime"    column="retentiontime"    />
        <result property="id"    column="id"    />
        <result property="mz"    column="mz"    />
        <result property="comparisonresult"    column="comparisonresult"    />
    </resultMap>

    <sql id="selectFormulaVo">
        select identity, retentiontime, id, mz, comparisonresult from formula
    </sql>

    <select id="selectFormulaList" parameterType="Formula" resultMap="FormulaResult">
        <include refid="selectFormulaVo"/>
        <where>  
            <if test="identity != null  and identity != ''"> and identity = #{identity}</if>
            <if test="retentiontime != null  and retentiontime != ''"> and retentiontime = #{retentiontime}</if>
            <if test="mz != null  and mz != ''"> and mz = #{mz}</if>
            <if test="comparisonresult != null  and comparisonresult != ''"> and comparisonresult = #{comparisonresult}</if>
        </where>
    </select>
    
    <select id="selectFormulaById" parameterType="Long" resultMap="FormulaResult">
        <include refid="selectFormulaVo"/>
        where id = #{id}
    </select>
        
    <insert id="insertFormula" parameterType="Formula">
        insert into formula
        <trim prefix="(" suffix=")" suffixOverrides=",">
            <if test="identity != null and identity != ''">identity,</if>
            <if test="retentiontime != null">retentiontime,</if>
            <if test="id != null">id,</if>
            <if test="mz != null">mz,</if>
            <if test="comparisonresult != null and comparisonresult != ''">comparisonresult,</if>
         </trim>
        <trim prefix="values (" suffix=")" suffixOverrides=",">
            <if test="identity != null and identity != ''">#{identity},</if>
            <if test="retentiontime != null">#{retentiontime},</if>
            <if test="id != null">#{id},</if>
            <if test="mz != null">#{mz},</if>
            <if test="comparisonresult != null and comparisonresult != ''">#{comparisonresult},</if>
         </trim>
    </insert>

    <update id="updateFormula" parameterType="Formula">
        update formula
        <trim prefix="SET" suffixOverrides=",">
            <if test="identity != null and identity != ''">identity = #{identity},</if>
            <if test="retentiontime != null">retentiontime = #{retentiontime},</if>
            <if test="mz != null">mz = #{mz},</if>
            <if test="comparisonresult != null and comparisonresult != ''">comparisonresult = #{comparisonresult},</if>
        </trim>
        where id = #{id}
    </update>

    <delete id="deleteFormulaById" parameterType="Long">
        delete from formula where id = #{id}
    </delete>

    <delete id="deleteFormulaByIds" parameterType="String">
        delete from formula where id in 
        <foreach item="id" collection="array" open="(" separator="," close=")">
            #{id}
        </foreach>
    </delete>

</mapper>