<?xml version="1.0" encoding="UTF-8" ?>
<!DOCTYPE mapper
PUBLIC "-//mybatis.org//DTD Mapper 3.0//EN"
"http://mybatis.org/dtd/mybatis-3-mapper.dtd">
<mapper namespace="com.ruoyi.system.mapper.NewsMapper">
    
    <resultMap type="News" id="NewsResult">
        <result property="id"    column="id"    />
        <result property="title"    column="title"    />
        <result property="content"    column="content"    />
        <result property="imgurl"    column="imgurl"    />
        <result property="createuser"    column="createuser"    />
        <result property="createtime"    column="createtime"    />
        <result property="theme"    column="theme"    />
    </resultMap>

    <sql id="selectNewsVo">
        select id, title, content, imgurl, createuser, createtime, theme from news
    </sql>

    <select id="selectNewsList" parameterType="News" resultMap="NewsResult">
        <include refid="selectNewsVo"/>
        <where>  
            <if test="title != null  and title != ''"> and title = #{title}</if>
            <if test="content != null  and content != ''"> and content = #{content}</if>
            <if test="imgurl != null  and imgurl != ''"> and imgurl = #{imgurl}</if>
            <if test="createuser != null  and createuser != ''"> and createuser = #{createuser}</if>
            <if test="createtime != null "> and createtime = #{createtime}</if>
            <if test="theme != null  and theme != ''"> and theme = #{theme}</if>
        </where>
        ORDER BY id desc
    </select>
    
    <select id="selectNewsById" parameterType="Long" resultMap="NewsResult">
        <include refid="selectNewsVo"/>
        where id = #{id}
    </select>
        
    <insert id="insertNews" parameterType="News" useGeneratedKeys="true" keyProperty="id">
        insert into news
        <trim prefix="(" suffix=")" suffixOverrides=",">
            <if test="title != null">title,</if>
            <if test="content != null">content,</if>
            <if test="imgurl != null">imgurl,</if>
            <if test="createuser != null">createuser,</if>
            <if test="createtime != null">createtime,</if>
            <if test="theme != null and theme != ''">theme,</if>
         </trim>
        <trim prefix="values (" suffix=")" suffixOverrides=",">
            <if test="title != null">#{title},</if>
            <if test="content != null">#{content},</if>
            <if test="imgurl != null">#{imgurl},</if>
            <if test="createuser != null">#{createuser},</if>
            <if test="createtime != null">#{createtime},</if>
            <if test="theme != null and theme != ''">#{theme},</if>
         </trim>
    </insert>

    <update id="updateNews" parameterType="News">
        update news
        <trim prefix="SET" suffixOverrides=",">
            <if test="title != null">title = #{title},</if>
            <if test="content != null">content = #{content},</if>
            <if test="imgurl != null">imgurl = #{imgurl},</if>
            <if test="createuser != null">createuser = #{createuser},</if>
            <if test="createtime != null">createtime = #{createtime},</if>
            <if test="theme != null and theme != ''">theme = #{theme},</if>
        </trim>
        where id = #{id}
    </update>

    <delete id="deleteNewsById" parameterType="Long">
        delete from news where id = #{id}
    </delete>

    <delete id="deleteNewsByIds" parameterType="String">
        delete from news where id in 
        <foreach item="id" collection="array" open="(" separator="," close=")">
            #{id}
        </foreach>
    </delete>

</mapper>