<?xml version="1.0" encoding="UTF-8" ?>
<!DOCTYPE mapper
PUBLIC "-//mybatis.org//DTD Mapper 3.0//EN"
"http://mybatis.org/dtd/mybatis-3-mapper.dtd">
<mapper namespace="com.ruoyi.system.mapper.XcFamilyMemberMapper">
    
    <resultMap type="XcFamilyMember" id="XcFamilyMemberResult">
        <result property="familyId"    column="family_id"    />
        <result property="householdNum"    column="household_num"    />
        <result property="userId"    column="user_id"    />
        <result property="familySn"    column="family_sn"    />
        <result property="familyHealthNum"    column="family_health_num"    />
        <result property="personalHealthNum"    column="personal_health_num"    />
        <result property="familyType"    column="family_type"    />
        <result property="liveType"    column="live_type"    />
        <result property="familyAddr"    column="family_addr"    />
        <result property="persentAddr"    column="persent_addr"    />
        <result property="signingId"    column="signing_id"    />
        <result property="shopId"    column="shop_id"    />
        <result property="teamId"    column="team_id"    />
        <result property="workerId"    column="worker_id"    />
        <result property="doctorName"    column="doctor_name"    />
        <result property="villageName"    column="village_name"    />
        <result property="villageId"    column="village_id"    />
        <result property="streetName"    column="street_name"    />
        <result property="streetId"    column="street_id"    />
        <result property="areaName"    column="area_name"    />
        <result property="areaId"    column="area_id"    />
        <result property="cityName"    column="city_name"    />
        <result property="cityId"    column="city_id"    />
        <result property="provinceName"    column="province_name"    />
        <result property="provinceId"    column="province_id"    />
        <result property="countrysideId"    column="countryside_id"    />
        <result property="countrysideName"    column="countryside_name"    />
        <result property="familyDoctorRoleId"    column="family_doctor_role_id"    />
        <result property="familyDoctorRoleName"    column="family_doctor_role_name"    />
        <result property="familyDoctorId"    column="family_doctor_id"    />
        <result property="familyDoctorName"    column="family_doctor_name"    />
        <result property="countrysideDoctorRoleId"    column="countryside_doctor_role_id"    />
        <result property="countrysideDoctorRoleName"    column="countryside_doctor_role_name"    />
        <result property="countrysideDoctorId"    column="countryside_doctor_id"    />
        <result property="countrysideDoctorName"    column="countryside_doctor_name"    />
        <result property="headerName"    column="header_name"    />
        <result property="userName"    column="user_name"    />
        <result property="sex"    column="sex"    />
        <result property="age"    column="age"    />
        <result property="birthday"    column="birthday"    />
        <result property="medicalPaytype"    column="medical_paytype"    />
        <result property="maritalStatus"    column="marital_status"    />
        <result property="relationId"    column="relation_id"    />
        <result property="relationTo"    column="relation_to"    />
        <result property="nationality"    column="nationality"    />
        <result property="ethnicity"    column="ethnicity"    />
        <result property="education"    column="education"    />
        <result property="occupation"    column="occupation"    />
        <result property="cardType"    column="card_type"    />
        <result property="cardId"    column="card_id"    />
        <result property="homeTel"    column="home_tel"    />
        <result property="mobile"    column="mobile"    />
        <result property="medicareType"    column="medicare_type"    />
        <result property="residenceType"    column="residence_type"    />
        <result property="liveStatus"    column="live_status"    />
        <result property="photo"    column="photo"    />
        <result property="qianming"    column="qianming"    />
        <result property="health"    column="health"    />
        <result property="healthOther"    column="health_other"    />
        <result property="memberSn"    column="member_sn"    />
        <result property="closed"    column="closed"    />
        <result property="isMain"    column="is_main"    />
        <result property="createTime"    column="create_time"    />
        <result property="isStudent"    column="is_student"    />
        <result property="signingStatus"    column="signing_status"    />
        <result property="serviceStartTime"    column="service_start_time"    />
        <result property="serviceEndTime"    column="service_end_time"    />
        <result property="nextServiceTime"    column="next_service_time"    />
        <result property="bloodType"    column="blood_type"    />
        <result property="company"    column="company"    />
        <result property="dBao"    column="d_bao"    />
        <result property="dGao"    column="d_gao"    />
        <result property="dTang"    column="d_tang"    />
        <result property="dYi"    column="d_yi"    />
        <result property="dJie"    column="d_jie"    />
        <result property="dJing"    column="d_jing"    />
        <result property="dFei"    column="d_fei"    />
        <result property="dDa"    column="d_da"    />
        <result property="dLei"    column="d_lei"    />
        <result property="dZhong"    column="d_zhong"    />
        <result property="dChuan"    column="d_chuan"    />
        <result property="dXin"    column="d_xin"    />
        <result property="dJiehe"    column="d_jiehe"    />
        <result property="dDifang"    column="d_difang"    />
        <result property="isKeygroups"    column="is_keygroups"    />
        <result property="qrCode"    column="qr_code"    />
    </resultMap>

    <sql id="selectXcFamilyMemberVo">
        select family_id, household_num, user_id, family_sn, family_health_num, personal_health_num, family_type, live_type, family_addr, persent_addr, signing_id, shop_id, team_id, worker_id, doctor_name, village_name, village_id, street_name, street_id, area_name, area_id, city_name, city_id, province_name, province_id, countryside_id, countryside_name, family_doctor_role_id, family_doctor_role_name, family_doctor_id, family_doctor_name, countryside_doctor_role_id, countryside_doctor_role_name, countryside_doctor_id, countryside_doctor_name, header_name, user_name, sex, age, birthday, medical_paytype, marital_status, relation_id, relation_to, nationality, ethnicity, education, occupation, card_type, card_id, home_tel, mobile, medicare_type, residence_type, live_status, photo, qianming, health, health_other, member_sn, closed, is_main, create_time, is_student, signing_status, service_start_time, service_end_time, next_service_time, blood_type, company, d_bao, d_gao, d_tang, d_yi, d_jie, d_jing, d_fei, d_da, d_lei, d_zhong, d_chuan, d_xin, d_jiehe, d_difang, is_keygroups, qr_code from xc_family_member
    </sql>

    <select id="selectXcFamilyMemberList" parameterType="XcFamilyMember" resultMap="XcFamilyMemberResult">
        <include refid="selectXcFamilyMemberVo"/>
        <where>  
            <if test="householdNum != null  and householdNum != ''"> and household_num = #{householdNum}</if>
            <if test="userId != null "> and user_id = #{userId}</if>
            <if test="familySn != null  and familySn != ''"> and family_sn = #{familySn}</if>
            <if test="familyHealthNum != null  and familyHealthNum != ''"> and family_health_num = #{familyHealthNum}</if>
            <if test="personalHealthNum != null  and personalHealthNum != ''"> and personal_health_num = #{personalHealthNum}</if>
            <if test="familyType != null  and familyType != ''"> and family_type = #{familyType}</if>
            <if test="liveType != null  and liveType != ''"> and live_type = #{liveType}</if>
            <if test="familyAddr != null  and familyAddr != ''"> and family_addr = #{familyAddr}</if>
            <if test="persentAddr != null  and persentAddr != ''"> and persent_addr = #{persentAddr}</if>
            <if test="signingId != null "> and signing_id = #{signingId}</if>
            <if test="shopId != null "> and shop_id = #{shopId}</if>
            <if test="teamId != null "> and team_id = #{teamId}</if>
            <if test="workerId != null "> and worker_id = #{workerId}</if>
            <if test="doctorName != null  and doctorName != ''"> and doctor_name like concat('%', #{doctorName}, '%')</if>
            <if test="villageName != null  and villageName != ''"> and village_name like concat('%', #{villageName}, '%')</if>
            <if test="villageId != null "> and village_id = #{villageId}</if>
            <if test="streetName != null  and streetName != ''"> and street_name like concat('%', #{streetName}, '%')</if>
            <if test="streetId != null "> and street_id = #{streetId}</if>
            <if test="areaName != null  and areaName != ''"> and area_name like concat('%', #{areaName}, '%')</if>
            <if test="areaId != null "> and area_id = #{areaId}</if>
            <if test="cityName != null  and cityName != ''"> and city_name like concat('%', #{cityName}, '%')</if>
            <if test="cityId != null "> and city_id = #{cityId}</if>
            <if test="provinceName != null  and provinceName != ''"> and province_name like concat('%', #{provinceName}, '%')</if>
            <if test="provinceId != null "> and province_id = #{provinceId}</if>
            <if test="countrysideId != null "> and countryside_id = #{countrysideId}</if>
            <if test="countrysideName != null  and countrysideName != ''"> and countryside_name like concat('%', #{countrysideName}, '%')</if>
            <if test="familyDoctorRoleId != null "> and family_doctor_role_id = #{familyDoctorRoleId}</if>
            <if test="familyDoctorRoleName != null  and familyDoctorRoleName != ''"> and family_doctor_role_name like concat('%', #{familyDoctorRoleName}, '%')</if>
            <if test="familyDoctorId != null "> and family_doctor_id = #{familyDoctorId}</if>
            <if test="familyDoctorName != null  and familyDoctorName != ''"> and family_doctor_name like concat('%', #{familyDoctorName}, '%')</if>
            <if test="countrysideDoctorRoleId != null "> and countryside_doctor_role_id = #{countrysideDoctorRoleId}</if>
            <if test="countrysideDoctorRoleName != null  and countrysideDoctorRoleName != ''"> and countryside_doctor_role_name like concat('%', #{countrysideDoctorRoleName}, '%')</if>
            <if test="countrysideDoctorId != null "> and countryside_doctor_id = #{countrysideDoctorId}</if>
            <if test="countrysideDoctorName != null  and countrysideDoctorName != ''"> and countryside_doctor_name like concat('%', #{countrysideDoctorName}, '%')</if>
            <if test="headerName != null  and headerName != ''"> and header_name like concat('%', #{headerName}, '%')</if>
            <if test="userName != null  and userName != ''"> and user_name like concat('%', #{userName}, '%')</if>
            <if test="sex != null  and sex != ''"> and sex = #{sex}</if>
            <if test="age != null "> and age = #{age}</if>
            <if test="birthday != null  and birthday != ''"> and birthday = #{birthday}</if>
            <if test="medicalPaytype != null  and medicalPaytype != ''"> and medical_paytype = #{medicalPaytype}</if>
            <if test="maritalStatus != null  and maritalStatus != ''"> and marital_status = #{maritalStatus}</if>
            <if test="relationId != null "> and relation_id = #{relationId}</if>
            <if test="relationTo != null  and relationTo != ''"> and relation_to = #{relationTo}</if>
            <if test="nationality != null  and nationality != ''"> and nationality = #{nationality}</if>
            <if test="ethnicity != null  and ethnicity != ''"> and ethnicity = #{ethnicity}</if>
            <if test="education != null  and education != ''"> and education = #{education}</if>
            <if test="occupation != null  and occupation != ''"> and occupation = #{occupation}</if>
            <if test="cardType != null  and cardType != ''"> and card_type = #{cardType}</if>
            <if test="cardId != null  and cardId != ''"> and card_id = #{cardId}</if>
            <if test="homeTel != null  and homeTel != ''"> and home_tel = #{homeTel}</if>
            <if test="mobile != null  and mobile != ''"> and mobile = #{mobile}</if>
            <if test="medicareType != null  and medicareType != ''"> and medicare_type = #{medicareType}</if>
            <if test="residenceType != null  and residenceType != ''"> and residence_type = #{residenceType}</if>
            <if test="liveStatus != null  and liveStatus != ''"> and live_status = #{liveStatus}</if>
            <if test="photo != null  and photo != ''"> and photo = #{photo}</if>
            <if test="qianming != null  and qianming != ''"> and qianming = #{qianming}</if>
            <if test="health != null  and health != ''"> and health = #{health}</if>
            <if test="healthOther != null  and healthOther != ''"> and health_other = #{healthOther}</if>
            <if test="memberSn != null  and memberSn != ''"> and member_sn = #{memberSn}</if>
            <if test="closed != null "> and closed = #{closed}</if>
            <if test="isMain != null "> and is_main = #{isMain}</if>
            <if test="isStudent != null "> and is_student = #{isStudent}</if>
            <if test="signingStatus != null "> and signing_status = #{signingStatus}</if>
            <if test="serviceStartTime != null "> and service_start_time = #{serviceStartTime}</if>
            <if test="serviceEndTime != null "> and service_end_time = #{serviceEndTime}</if>
            <if test="nextServiceTime != null "> and next_service_time = #{nextServiceTime}</if>
            <if test="bloodType != null "> and blood_type = #{bloodType}</if>
            <if test="company != null  and company != ''"> and company = #{company}</if>
            <if test="dBao != null "> and d_bao = #{dBao}</if>
            <if test="dGao != null "> and d_gao = #{dGao}</if>
            <if test="dTang != null "> and d_tang = #{dTang}</if>
            <if test="dYi != null "> and d_yi = #{dYi}</if>
            <if test="dJie != null "> and d_jie = #{dJie}</if>
            <if test="dJing != null "> and d_jing = #{dJing}</if>
            <if test="dFei != null "> and d_fei = #{dFei}</if>
            <if test="dDa != null "> and d_da = #{dDa}</if>
            <if test="dLei != null "> and d_lei = #{dLei}</if>
            <if test="dZhong != null "> and d_zhong = #{dZhong}</if>
            <if test="dChuan != null "> and d_chuan = #{dChuan}</if>
            <if test="dXin != null "> and d_xin = #{dXin}</if>
            <if test="dJiehe != null "> and d_jiehe = #{dJiehe}</if>
            <if test="dDifang != null "> and d_difang = #{dDifang}</if>
            <if test="isKeygroups != null "> and is_keygroups = #{isKeygroups}</if>
            <if test="qrCode != null  and qrCode != ''"> and qr_code = #{qrCode}</if>
        </where>
    </select>
    
    <select id="selectXcFamilyMemberById" parameterType="Integer" resultMap="XcFamilyMemberResult">
        <include refid="selectXcFamilyMemberVo"/>
        where family_id = #{familyId}
    </select>
        
    <insert id="insertXcFamilyMember" parameterType="XcFamilyMember" useGeneratedKeys="true" keyProperty="familyId">
        insert into xc_family_member
        <trim prefix="(" suffix=")" suffixOverrides=",">
            <if test="householdNum != null and householdNum != ''">household_num,</if>
            <if test="userId != null">user_id,</if>
            <if test="familySn != null and familySn != ''">family_sn,</if>
            <if test="familyHealthNum != null">family_health_num,</if>
            <if test="personalHealthNum != null">personal_health_num,</if>
            <if test="familyType != null">family_type,</if>
            <if test="liveType != null">live_type,</if>
            <if test="familyAddr != null">family_addr,</if>
            <if test="persentAddr != null">persent_addr,</if>
            <if test="signingId != null">signing_id,</if>
            <if test="shopId != null">shop_id,</if>
            <if test="teamId != null">team_id,</if>
            <if test="workerId != null">worker_id,</if>
            <if test="doctorName != null">doctor_name,</if>
            <if test="villageName != null">village_name,</if>
            <if test="villageId != null">village_id,</if>
            <if test="streetName != null">street_name,</if>
            <if test="streetId != null">street_id,</if>
            <if test="areaName != null">area_name,</if>
            <if test="areaId != null">area_id,</if>
            <if test="cityName != null">city_name,</if>
            <if test="cityId != null">city_id,</if>
            <if test="provinceName != null">province_name,</if>
            <if test="provinceId != null">province_id,</if>
            <if test="countrysideId != null">countryside_id,</if>
            <if test="countrysideName != null">countryside_name,</if>
            <if test="familyDoctorRoleId != null">family_doctor_role_id,</if>
            <if test="familyDoctorRoleName != null">family_doctor_role_name,</if>
            <if test="familyDoctorId != null">family_doctor_id,</if>
            <if test="familyDoctorName != null">family_doctor_name,</if>
            <if test="countrysideDoctorRoleId != null">countryside_doctor_role_id,</if>
            <if test="countrysideDoctorRoleName != null">countryside_doctor_role_name,</if>
            <if test="countrysideDoctorId != null">countryside_doctor_id,</if>
            <if test="countrysideDoctorName != null">countryside_doctor_name,</if>
            <if test="headerName != null">header_name,</if>
            <if test="userName != null and userName != ''">user_name,</if>
            <if test="sex != null">sex,</if>
            <if test="age != null">age,</if>
            <if test="birthday != null">birthday,</if>
            <if test="medicalPaytype != null">medical_paytype,</if>
            <if test="maritalStatus != null">marital_status,</if>
            <if test="relationId != null">relation_id,</if>
            <if test="relationTo != null">relation_to,</if>
            <if test="nationality != null">nationality,</if>
            <if test="ethnicity != null">ethnicity,</if>
            <if test="education != null">education,</if>
            <if test="occupation != null">occupation,</if>
            <if test="cardType != null">card_type,</if>
            <if test="cardId != null">card_id,</if>
            <if test="homeTel != null">home_tel,</if>
            <if test="mobile != null">mobile,</if>
            <if test="medicareType != null">medicare_type,</if>
            <if test="residenceType != null">residence_type,</if>
            <if test="liveStatus != null">live_status,</if>
            <if test="photo != null">photo,</if>
            <if test="qianming != null">qianming,</if>
            <if test="health != null">health,</if>
            <if test="healthOther != null">health_other,</if>
            <if test="memberSn != null">member_sn,</if>
            <if test="closed != null">closed,</if>
            <if test="isMain != null">is_main,</if>
            <if test="createTime != null">create_time,</if>
            <if test="isStudent != null">is_student,</if>
            <if test="signingStatus != null">signing_status,</if>
            <if test="serviceStartTime != null">service_start_time,</if>
            <if test="serviceEndTime != null">service_end_time,</if>
            <if test="nextServiceTime != null">next_service_time,</if>
            <if test="bloodType != null">blood_type,</if>
            <if test="company != null">company,</if>
            <if test="dBao != null">d_bao,</if>
            <if test="dGao != null">d_gao,</if>
            <if test="dTang != null">d_tang,</if>
            <if test="dYi != null">d_yi,</if>
            <if test="dJie != null">d_jie,</if>
            <if test="dJing != null">d_jing,</if>
            <if test="dFei != null">d_fei,</if>
            <if test="dDa != null">d_da,</if>
            <if test="dLei != null">d_lei,</if>
            <if test="dZhong != null">d_zhong,</if>
            <if test="dChuan != null">d_chuan,</if>
            <if test="dXin != null">d_xin,</if>
            <if test="dJiehe != null">d_jiehe,</if>
            <if test="dDifang != null">d_difang,</if>
            <if test="isKeygroups != null">is_keygroups,</if>
            <if test="qrCode != null">qr_code,</if>
         </trim>
        <trim prefix="values (" suffix=")" suffixOverrides=",">
            <if test="householdNum != null and householdNum != ''">#{householdNum},</if>
            <if test="userId != null">#{userId},</if>
            <if test="familySn != null and familySn != ''">#{familySn},</if>
            <if test="familyHealthNum != null">#{familyHealthNum},</if>
            <if test="personalHealthNum != null">#{personalHealthNum},</if>
            <if test="familyType != null">#{familyType},</if>
            <if test="liveType != null">#{liveType},</if>
            <if test="familyAddr != null">#{familyAddr},</if>
            <if test="persentAddr != null">#{persentAddr},</if>
            <if test="signingId != null">#{signingId},</if>
            <if test="shopId != null">#{shopId},</if>
            <if test="teamId != null">#{teamId},</if>
            <if test="workerId != null">#{workerId},</if>
            <if test="doctorName != null">#{doctorName},</if>
            <if test="villageName != null">#{villageName},</if>
            <if test="villageId != null">#{villageId},</if>
            <if test="streetName != null">#{streetName},</if>
            <if test="streetId != null">#{streetId},</if>
            <if test="areaName != null">#{areaName},</if>
            <if test="areaId != null">#{areaId},</if>
            <if test="cityName != null">#{cityName},</if>
            <if test="cityId != null">#{cityId},</if>
            <if test="provinceName != null">#{provinceName},</if>
            <if test="provinceId != null">#{provinceId},</if>
            <if test="countrysideId != null">#{countrysideId},</if>
            <if test="countrysideName != null">#{countrysideName},</if>
            <if test="familyDoctorRoleId != null">#{familyDoctorRoleId},</if>
            <if test="familyDoctorRoleName != null">#{familyDoctorRoleName},</if>
            <if test="familyDoctorId != null">#{familyDoctorId},</if>
            <if test="familyDoctorName != null">#{familyDoctorName},</if>
            <if test="countrysideDoctorRoleId != null">#{countrysideDoctorRoleId},</if>
            <if test="countrysideDoctorRoleName != null">#{countrysideDoctorRoleName},</if>
            <if test="countrysideDoctorId != null">#{countrysideDoctorId},</if>
            <if test="countrysideDoctorName != null">#{countrysideDoctorName},</if>
            <if test="headerName != null">#{headerName},</if>
            <if test="userName != null and userName != ''">#{userName},</if>
            <if test="sex != null">#{sex},</if>
            <if test="age != null">#{age},</if>
            <if test="birthday != null">#{birthday},</if>
            <if test="medicalPaytype != null">#{medicalPaytype},</if>
            <if test="maritalStatus != null">#{maritalStatus},</if>
            <if test="relationId != null">#{relationId},</if>
            <if test="relationTo != null">#{relationTo},</if>
            <if test="nationality != null">#{nationality},</if>
            <if test="ethnicity != null">#{ethnicity},</if>
            <if test="education != null">#{education},</if>
            <if test="occupation != null">#{occupation},</if>
            <if test="cardType != null">#{cardType},</if>
            <if test="cardId != null">#{cardId},</if>
            <if test="homeTel != null">#{homeTel},</if>
            <if test="mobile != null">#{mobile},</if>
            <if test="medicareType != null">#{medicareType},</if>
            <if test="residenceType != null">#{residenceType},</if>
            <if test="liveStatus != null">#{liveStatus},</if>
            <if test="photo != null">#{photo},</if>
            <if test="qianming != null">#{qianming},</if>
            <if test="health != null">#{health},</if>
            <if test="healthOther != null">#{healthOther},</if>
            <if test="memberSn != null">#{memberSn},</if>
            <if test="closed != null">#{closed},</if>
            <if test="isMain != null">#{isMain},</if>
            <if test="createTime != null">#{createTime},</if>
            <if test="isStudent != null">#{isStudent},</if>
            <if test="signingStatus != null">#{signingStatus},</if>
            <if test="serviceStartTime != null">#{serviceStartTime},</if>
            <if test="serviceEndTime != null">#{serviceEndTime},</if>
            <if test="nextServiceTime != null">#{nextServiceTime},</if>
            <if test="bloodType != null">#{bloodType},</if>
            <if test="company != null">#{company},</if>
            <if test="dBao != null">#{dBao},</if>
            <if test="dGao != null">#{dGao},</if>
            <if test="dTang != null">#{dTang},</if>
            <if test="dYi != null">#{dYi},</if>
            <if test="dJie != null">#{dJie},</if>
            <if test="dJing != null">#{dJing},</if>
            <if test="dFei != null">#{dFei},</if>
            <if test="dDa != null">#{dDa},</if>
            <if test="dLei != null">#{dLei},</if>
            <if test="dZhong != null">#{dZhong},</if>
            <if test="dChuan != null">#{dChuan},</if>
            <if test="dXin != null">#{dXin},</if>
            <if test="dJiehe != null">#{dJiehe},</if>
            <if test="dDifang != null">#{dDifang},</if>
            <if test="isKeygroups != null">#{isKeygroups},</if>
            <if test="qrCode != null">#{qrCode},</if>
         </trim>
    </insert>

    <update id="updateXcFamilyMember" parameterType="XcFamilyMember">
        update xc_family_member
        <trim prefix="SET" suffixOverrides=",">
            <if test="householdNum != null and householdNum != ''">household_num = #{householdNum},</if>
            <if test="userId != null">user_id = #{userId},</if>
            <if test="familySn != null and familySn != ''">family_sn = #{familySn},</if>
            <if test="familyHealthNum != null">family_health_num = #{familyHealthNum},</if>
            <if test="personalHealthNum != null">personal_health_num = #{personalHealthNum},</if>
            <if test="familyType != null">family_type = #{familyType},</if>
            <if test="liveType != null">live_type = #{liveType},</if>
            <if test="familyAddr != null">family_addr = #{familyAddr},</if>
            <if test="persentAddr != null">persent_addr = #{persentAddr},</if>
            <if test="signingId != null">signing_id = #{signingId},</if>
            <if test="shopId != null">shop_id = #{shopId},</if>
            <if test="teamId != null">team_id = #{teamId},</if>
            <if test="workerId != null">worker_id = #{workerId},</if>
            <if test="doctorName != null">doctor_name = #{doctorName},</if>
            <if test="villageName != null">village_name = #{villageName},</if>
            <if test="villageId != null">village_id = #{villageId},</if>
            <if test="streetName != null">street_name = #{streetName},</if>
            <if test="streetId != null">street_id = #{streetId},</if>
            <if test="areaName != null">area_name = #{areaName},</if>
            <if test="areaId != null">area_id = #{areaId},</if>
            <if test="cityName != null">city_name = #{cityName},</if>
            <if test="cityId != null">city_id = #{cityId},</if>
            <if test="provinceName != null">province_name = #{provinceName},</if>
            <if test="provinceId != null">province_id = #{provinceId},</if>
            <if test="countrysideId != null">countryside_id = #{countrysideId},</if>
            <if test="countrysideName != null">countryside_name = #{countrysideName},</if>
            <if test="familyDoctorRoleId != null">family_doctor_role_id = #{familyDoctorRoleId},</if>
            <if test="familyDoctorRoleName != null">family_doctor_role_name = #{familyDoctorRoleName},</if>
            <if test="familyDoctorId != null">family_doctor_id = #{familyDoctorId},</if>
            <if test="familyDoctorName != null">family_doctor_name = #{familyDoctorName},</if>
            <if test="countrysideDoctorRoleId != null">countryside_doctor_role_id = #{countrysideDoctorRoleId},</if>
            <if test="countrysideDoctorRoleName != null">countryside_doctor_role_name = #{countrysideDoctorRoleName},</if>
            <if test="countrysideDoctorId != null">countryside_doctor_id = #{countrysideDoctorId},</if>
            <if test="countrysideDoctorName != null">countryside_doctor_name = #{countrysideDoctorName},</if>
            <if test="headerName != null">header_name = #{headerName},</if>
            <if test="userName != null and userName != ''">user_name = #{userName},</if>
            <if test="sex != null">sex = #{sex},</if>
            <if test="age != null">age = #{age},</if>
            <if test="birthday != null">birthday = #{birthday},</if>
            <if test="medicalPaytype != null">medical_paytype = #{medicalPaytype},</if>
            <if test="maritalStatus != null">marital_status = #{maritalStatus},</if>
            <if test="relationId != null">relation_id = #{relationId},</if>
            <if test="relationTo != null">relation_to = #{relationTo},</if>
            <if test="nationality != null">nationality = #{nationality},</if>
            <if test="ethnicity != null">ethnicity = #{ethnicity},</if>
            <if test="education != null">education = #{education},</if>
            <if test="occupation != null">occupation = #{occupation},</if>
            <if test="cardType != null">card_type = #{cardType},</if>
            <if test="cardId != null">card_id = #{cardId},</if>
            <if test="homeTel != null">home_tel = #{homeTel},</if>
            <if test="mobile != null">mobile = #{mobile},</if>
            <if test="medicareType != null">medicare_type = #{medicareType},</if>
            <if test="residenceType != null">residence_type = #{residenceType},</if>
            <if test="liveStatus != null">live_status = #{liveStatus},</if>
            <if test="photo != null">photo = #{photo},</if>
            <if test="qianming != null">qianming = #{qianming},</if>
            <if test="health != null">health = #{health},</if>
            <if test="healthOther != null">health_other = #{healthOther},</if>
            <if test="memberSn != null">member_sn = #{memberSn},</if>
            <if test="closed != null">closed = #{closed},</if>
            <if test="isMain != null">is_main = #{isMain},</if>
            <if test="createTime != null">create_time = #{createTime},</if>
            <if test="isStudent != null">is_student = #{isStudent},</if>
            <if test="signingStatus != null">signing_status = #{signingStatus},</if>
            <if test="serviceStartTime != null">service_start_time = #{serviceStartTime},</if>
            <if test="serviceEndTime != null">service_end_time = #{serviceEndTime},</if>
            <if test="nextServiceTime != null">next_service_time = #{nextServiceTime},</if>
            <if test="bloodType != null">blood_type = #{bloodType},</if>
            <if test="company != null">company = #{company},</if>
            <if test="dBao != null">d_bao = #{dBao},</if>
            <if test="dGao != null">d_gao = #{dGao},</if>
            <if test="dTang != null">d_tang = #{dTang},</if>
            <if test="dYi != null">d_yi = #{dYi},</if>
            <if test="dJie != null">d_jie = #{dJie},</if>
            <if test="dJing != null">d_jing = #{dJing},</if>
            <if test="dFei != null">d_fei = #{dFei},</if>
            <if test="dDa != null">d_da = #{dDa},</if>
            <if test="dLei != null">d_lei = #{dLei},</if>
            <if test="dZhong != null">d_zhong = #{dZhong},</if>
            <if test="dChuan != null">d_chuan = #{dChuan},</if>
            <if test="dXin != null">d_xin = #{dXin},</if>
            <if test="dJiehe != null">d_jiehe = #{dJiehe},</if>
            <if test="dDifang != null">d_difang = #{dDifang},</if>
            <if test="isKeygroups != null">is_keygroups = #{isKeygroups},</if>
            <if test="qrCode != null">qr_code = #{qrCode},</if>
        </trim>
        where family_id = #{familyId}
    </update>

    <delete id="deleteXcFamilyMemberById" parameterType="Integer">
        delete from xc_family_member where family_id = #{familyId}
    </delete>

    <delete id="deleteXcFamilyMemberByIds" parameterType="String">
        delete from xc_family_member where family_id in 
        <foreach item="familyId" collection="array" open="(" separator="," close=")">
            #{familyId}
        </foreach>
    </delete>

</mapper>