<?xml version="1.0" encoding="UTF-8" ?>
<!DOCTYPE mapper
PUBLIC "-//mybatis.org//DTD Mapper 3.0//EN"
"http://mybatis.org/dtd/mybatis-3-mapper.dtd">
<mapper namespace="com.ruoyi.system.mapper.XcSigningMapper">
    
    <resultMap type="XcSigning" id="XcSigningResult">
        <result property="signingId"    column="signing_id"    />
        <result property="familySn"    column="family_sn"    />
        <result property="residenceType"    column="residence_type"    />
        <result property="householderId"    column="householder_id"    />
        <result property="householderCardId"    column="householder_card_id"    />
        <result property="householdNum"    column="household_num"    />
        <result property="householder"    column="householder"    />
        <result property="fileType"    column="file_type"    />
        <result property="typeOther"    column="type_other"    />
        <result property="provinceName"    column="province_name"    />
        <result property="cityName"    column="city_name"    />
        <result property="areaName"    column="area_name"    />
        <result property="streetName"    column="street_name"    />
        <result property="villageName"    column="village_name"    />
        <result property="provinceId"    column="province_id"    />
        <result property="cityId"    column="city_id"    />
        <result property="areaId"    column="area_id"    />
        <result property="streetId"    column="street_id"    />
        <result property="villageId"    column="village_id"    />
        <result property="familyAddr"    column="family_addr"    />
        <result property="houseNum"    column="house_num"    />
        <result property="shopId"    column="shop_id"    />
        <result property="teamId"    column="team_id"    />
        <result property="workerId"    column="worker_id"    />
        <result property="doctorName"    column="doctor_name"    />
        <result property="countrysideId"    column="countryside_id"    />
        <result property="countrysideName"    column="countryside_name"    />
        <result property="familyDoctorId"    column="family_doctor_id"    />
        <result property="familyDoctorName"    column="family_doctor_name"    />
        <result property="countrysideDoctorId"    column="countryside_doctor_id"    />
        <result property="countrysideDoctorName"    column="countryside_doctor_name"    />
        <result property="closed"    column="closed"    />
        <result property="createTime"    column="create_time"    />
        <result property="updateTime"    column="update_time"    />
        <result property="updateIp"    column="update_ip"    />
        <result property="oldTeamId"    column="old_team_id"    />
        <result property="oldFamilyDoctorId"    column="old_family_doctor_id"    />
        <result property="oldCountrysideDoctorId"    column="old_countryside_doctor_id"    />
        <result property="signingStatus"    column="signing_status"    />
        <result property="serviceStartTime"    column="service_start_time"    />
        <result property="serviceEndTime"    column="service_end_time"    />
    </resultMap>

    <sql id="selectXcSigningVo">
        select signing_id, family_sn, residence_type, householder_id, householder_card_id, household_num, householder, file_type, type_other, province_name, city_name, area_name, street_name, village_name, province_id, city_id, area_id, street_id, village_id, family_addr, house_num, shop_id, team_id, worker_id, doctor_name, countryside_id, countryside_name, family_doctor_id, family_doctor_name, countryside_doctor_id, countryside_doctor_name, closed, create_time, update_time, update_ip, old_team_id, old_family_doctor_id, old_countryside_doctor_id, signing_status, service_start_time, service_end_time from xc_signing
    </sql>

    <select id="selectXcSigningList" parameterType="XcSigning" resultMap="XcSigningResult">
        <include refid="selectXcSigningVo"/>
        <where>  
            <if test="familySn != null  and familySn != ''"> and family_sn = #{familySn}</if>
            <if test="residenceType != null  and residenceType != ''"> and residence_type = #{residenceType}</if>
            <if test="householderId != null "> and householder_id = #{householderId}</if>
            <if test="householderCardId != null  and householderCardId != ''"> and householder_card_id = #{householderCardId}</if>
            <if test="householdNum != null  and householdNum != ''"> and household_num = #{householdNum}</if>
            <if test="householder != null  and householder != ''"> and householder = #{householder}</if>
            <if test="fileType != null  and fileType != ''"> and file_type = #{fileType}</if>
            <if test="typeOther != null  and typeOther != ''"> and type_other = #{typeOther}</if>
            <if test="provinceName != null  and provinceName != ''"> and province_name like concat('%', #{provinceName}, '%')</if>
            <if test="cityName != null  and cityName != ''"> and city_name like concat('%', #{cityName}, '%')</if>
            <if test="areaName != null  and areaName != ''"> and area_name like concat('%', #{areaName}, '%')</if>
            <if test="streetName != null  and streetName != ''"> and street_name like concat('%', #{streetName}, '%')</if>
            <if test="villageName != null  and villageName != ''"> and village_name like concat('%', #{villageName}, '%')</if>
            <if test="provinceId != null "> and province_id = #{provinceId}</if>
            <if test="cityId != null "> and city_id = #{cityId}</if>
            <if test="areaId != null "> and area_id = #{areaId}</if>
            <if test="streetId != null "> and street_id = #{streetId}</if>
            <if test="villageId != null "> and village_id = #{villageId}</if>
            <if test="familyAddr != null  and familyAddr != ''"> and family_addr = #{familyAddr}</if>
            <if test="houseNum != null "> and house_num = #{houseNum}</if>
            <if test="shopId != null "> and shop_id = #{shopId}</if>
            <if test="teamId != null "> and team_id = #{teamId}</if>
            <if test="workerId != null "> and worker_id = #{workerId}</if>
            <if test="doctorName != null  and doctorName != ''"> and doctor_name like concat('%', #{doctorName}, '%')</if>
            <if test="countrysideId != null "> and countryside_id = #{countrysideId}</if>
            <if test="countrysideName != null  and countrysideName != ''"> and countryside_name like concat('%', #{countrysideName}, '%')</if>
            <if test="familyDoctorId != null "> and family_doctor_id = #{familyDoctorId}</if>
            <if test="familyDoctorName != null  and familyDoctorName != ''"> and family_doctor_name like concat('%', #{familyDoctorName}, '%')</if>
            <if test="countrysideDoctorId != null "> and countryside_doctor_id = #{countrysideDoctorId}</if>
            <if test="countrysideDoctorName != null  and countrysideDoctorName != ''"> and countryside_doctor_name like concat('%', #{countrysideDoctorName}, '%')</if>
            <if test="closed != null "> and closed = #{closed}</if>
            <if test="updateIp != null  and updateIp != ''"> and update_ip = #{updateIp}</if>
            <if test="oldTeamId != null "> and old_team_id = #{oldTeamId}</if>
            <if test="oldFamilyDoctorId != null "> and old_family_doctor_id = #{oldFamilyDoctorId}</if>
            <if test="oldCountrysideDoctorId != null "> and old_countryside_doctor_id = #{oldCountrysideDoctorId}</if>
            <if test="signingStatus != null "> and signing_status = #{signingStatus}</if>
            <if test="serviceStartTime != null "> and service_start_time = #{serviceStartTime}</if>
            <if test="serviceEndTime != null "> and service_end_time = #{serviceEndTime}</if>
        </where>
    </select>
    
    <select id="selectXcSigningById" parameterType="Integer" resultMap="XcSigningResult">
        <include refid="selectXcSigningVo"/>
        where signing_id = #{signingId}
    </select>
        
    <insert id="insertXcSigning" parameterType="XcSigning" useGeneratedKeys="true" keyProperty="signingId">
        insert into xc_signing
        <trim prefix="(" suffix=")" suffixOverrides=",">
            <if test="familySn != null">family_sn,</if>
            <if test="residenceType != null">residence_type,</if>
            <if test="householderId != null">householder_id,</if>
            <if test="householderCardId != null">householder_card_id,</if>
            <if test="householdNum != null and householdNum != ''">household_num,</if>
            <if test="householder != null">householder,</if>
            <if test="fileType != null">file_type,</if>
            <if test="typeOther != null">type_other,</if>
            <if test="provinceName != null">province_name,</if>
            <if test="cityName != null">city_name,</if>
            <if test="areaName != null">area_name,</if>
            <if test="streetName != null">street_name,</if>
            <if test="villageName != null">village_name,</if>
            <if test="provinceId != null">province_id,</if>
            <if test="cityId != null">city_id,</if>
            <if test="areaId != null">area_id,</if>
            <if test="streetId != null">street_id,</if>
            <if test="villageId != null">village_id,</if>
            <if test="familyAddr != null">family_addr,</if>
            <if test="houseNum != null">house_num,</if>
            <if test="shopId != null">shop_id,</if>
            <if test="teamId != null">team_id,</if>
            <if test="workerId != null">worker_id,</if>
            <if test="doctorName != null">doctor_name,</if>
            <if test="countrysideId != null">countryside_id,</if>
            <if test="countrysideName != null">countryside_name,</if>
            <if test="familyDoctorId != null">family_doctor_id,</if>
            <if test="familyDoctorName != null">family_doctor_name,</if>
            <if test="countrysideDoctorId != null">countryside_doctor_id,</if>
            <if test="countrysideDoctorName != null">countryside_doctor_name,</if>
            <if test="closed != null">closed,</if>
            <if test="createTime != null">create_time,</if>
            <if test="updateTime != null">update_time,</if>
            <if test="updateIp != null">update_ip,</if>
            <if test="oldTeamId != null">old_team_id,</if>
            <if test="oldFamilyDoctorId != null">old_family_doctor_id,</if>
            <if test="oldCountrysideDoctorId != null">old_countryside_doctor_id,</if>
            <if test="signingStatus != null">signing_status,</if>
            <if test="serviceStartTime != null">service_start_time,</if>
            <if test="serviceEndTime != null">service_end_time,</if>
         </trim>
        <trim prefix="values (" suffix=")" suffixOverrides=",">
            <if test="familySn != null">#{familySn},</if>
            <if test="residenceType != null">#{residenceType},</if>
            <if test="householderId != null">#{householderId},</if>
            <if test="householderCardId != null">#{householderCardId},</if>
            <if test="householdNum != null and householdNum != ''">#{householdNum},</if>
            <if test="householder != null">#{householder},</if>
            <if test="fileType != null">#{fileType},</if>
            <if test="typeOther != null">#{typeOther},</if>
            <if test="provinceName != null">#{provinceName},</if>
            <if test="cityName != null">#{cityName},</if>
            <if test="areaName != null">#{areaName},</if>
            <if test="streetName != null">#{streetName},</if>
            <if test="villageName != null">#{villageName},</if>
            <if test="provinceId != null">#{provinceId},</if>
            <if test="cityId != null">#{cityId},</if>
            <if test="areaId != null">#{areaId},</if>
            <if test="streetId != null">#{streetId},</if>
            <if test="villageId != null">#{villageId},</if>
            <if test="familyAddr != null">#{familyAddr},</if>
            <if test="houseNum != null">#{houseNum},</if>
            <if test="shopId != null">#{shopId},</if>
            <if test="teamId != null">#{teamId},</if>
            <if test="workerId != null">#{workerId},</if>
            <if test="doctorName != null">#{doctorName},</if>
            <if test="countrysideId != null">#{countrysideId},</if>
            <if test="countrysideName != null">#{countrysideName},</if>
            <if test="familyDoctorId != null">#{familyDoctorId},</if>
            <if test="familyDoctorName != null">#{familyDoctorName},</if>
            <if test="countrysideDoctorId != null">#{countrysideDoctorId},</if>
            <if test="countrysideDoctorName != null">#{countrysideDoctorName},</if>
            <if test="closed != null">#{closed},</if>
            <if test="createTime != null">#{createTime},</if>
            <if test="updateTime != null">#{updateTime},</if>
            <if test="updateIp != null">#{updateIp},</if>
            <if test="oldTeamId != null">#{oldTeamId},</if>
            <if test="oldFamilyDoctorId != null">#{oldFamilyDoctorId},</if>
            <if test="oldCountrysideDoctorId != null">#{oldCountrysideDoctorId},</if>
            <if test="signingStatus != null">#{signingStatus},</if>
            <if test="serviceStartTime != null">#{serviceStartTime},</if>
            <if test="serviceEndTime != null">#{serviceEndTime},</if>
         </trim>
    </insert>

    <update id="updateXcSigning" parameterType="XcSigning">
        update xc_signing
        <trim prefix="SET" suffixOverrides=",">
            <if test="familySn != null">family_sn = #{familySn},</if>
            <if test="residenceType != null">residence_type = #{residenceType},</if>
            <if test="householderId != null">householder_id = #{householderId},</if>
            <if test="householderCardId != null">householder_card_id = #{householderCardId},</if>
            <if test="householdNum != null and householdNum != ''">household_num = #{householdNum},</if>
            <if test="householder != null">householder = #{householder},</if>
            <if test="fileType != null">file_type = #{fileType},</if>
            <if test="typeOther != null">type_other = #{typeOther},</if>
            <if test="provinceName != null">province_name = #{provinceName},</if>
            <if test="cityName != null">city_name = #{cityName},</if>
            <if test="areaName != null">area_name = #{areaName},</if>
            <if test="streetName != null">street_name = #{streetName},</if>
            <if test="villageName != null">village_name = #{villageName},</if>
            <if test="provinceId != null">province_id = #{provinceId},</if>
            <if test="cityId != null">city_id = #{cityId},</if>
            <if test="areaId != null">area_id = #{areaId},</if>
            <if test="streetId != null">street_id = #{streetId},</if>
            <if test="villageId != null">village_id = #{villageId},</if>
            <if test="familyAddr != null">family_addr = #{familyAddr},</if>
            <if test="houseNum != null">house_num = #{houseNum},</if>
            <if test="shopId != null">shop_id = #{shopId},</if>
            <if test="teamId != null">team_id = #{teamId},</if>
            <if test="workerId != null">worker_id = #{workerId},</if>
            <if test="doctorName != null">doctor_name = #{doctorName},</if>
            <if test="countrysideId != null">countryside_id = #{countrysideId},</if>
            <if test="countrysideName != null">countryside_name = #{countrysideName},</if>
            <if test="familyDoctorId != null">family_doctor_id = #{familyDoctorId},</if>
            <if test="familyDoctorName != null">family_doctor_name = #{familyDoctorName},</if>
            <if test="countrysideDoctorId != null">countryside_doctor_id = #{countrysideDoctorId},</if>
            <if test="countrysideDoctorName != null">countryside_doctor_name = #{countrysideDoctorName},</if>
            <if test="closed != null">closed = #{closed},</if>
            <if test="createTime != null">create_time = #{createTime},</if>
            <if test="updateTime != null">update_time = #{updateTime},</if>
            <if test="updateIp != null">update_ip = #{updateIp},</if>
            <if test="oldTeamId != null">old_team_id = #{oldTeamId},</if>
            <if test="oldFamilyDoctorId != null">old_family_doctor_id = #{oldFamilyDoctorId},</if>
            <if test="oldCountrysideDoctorId != null">old_countryside_doctor_id = #{oldCountrysideDoctorId},</if>
            <if test="signingStatus != null">signing_status = #{signingStatus},</if>
            <if test="serviceStartTime != null">service_start_time = #{serviceStartTime},</if>
            <if test="serviceEndTime != null">service_end_time = #{serviceEndTime},</if>
        </trim>
        where signing_id = #{signingId}
    </update>

    <delete id="deleteXcSigningById" parameterType="Integer">
        delete from xc_signing where signing_id = #{signingId}
    </delete>

    <delete id="deleteXcSigningByIds" parameterType="String">
        delete from xc_signing where signing_id in 
        <foreach item="signingId" collection="array" open="(" separator="," close=")">
            #{signingId}
        </foreach>
    </delete>

</mapper>